player_name,Ranking at that time,Opponent Ranking at that time,Dominance Ratio,Ace Ratio,Double Fault Ratio,First Serve Percentage,First Serve Points Won,Second Serve Points Won,round value,Break Points Won,Break Points Faced,Sets Won,Sets Lost,Total time
Abedallah Shelbayh,262.57894736842104,286.5263157894737,1.191578947368421,13.86315789473684,3.4631578947368418,59.54736842105264,78.7,50.642105263157895,3.6842105263157894,3.4210526315789473,5.0,10.947368421052632,12.052631578947368,117.89473684210526
Adam Walton,115.78947368421052,172.78947368421052,1.6231578947368421,5.368421052631579,3.5315789473684207,61.584210526315786,72.16842105263159,53.852631578947374,4.2105263157894735,3.6842105263157894,5.526315789473684,13.263157894736842,9.473684210526315,107.10526315789474
Adolfo Daniel Vallejo,342.1111111111111,244.16666666666666,0.9711111111111111,5.2444444444444445,3.827777777777778,63.411111111111104,69.06666666666666,46.894444444444446,2.611111111111111,4.277777777777778,7.444444444444445,12.222222222222221,11.0,114.77777777777777
Adrian Andreev,236.28571428571428,312.42857142857144,0.9452380952380953,4.0,3.3857142857142852,60.43333333333333,66.36666666666667,46.357142857142854,3.261904761904762,5.095238095238095,8.333333333333334,11.714285714285714,9.904761904761905,110.42857142857143
Adrian Mannarino,19.733333333333334,61.2,1.0793333333333335,7.046666666666667,2.713333333333333,64.52666666666667,68.86,49.559999999999995,4.1,4.8,7.8,11.133333333333333,13.8,116.93333333333334
Aidan Mchugh,412.57142857142856,543.8571428571429,1.1371428571428572,7.514285714285714,2.185714285714286,63.67142857142857,71.01428571428572,55.42857142857143,1.5714285714285714,4.714285714285714,6.571428571428571,10.714285714285714,13.714285714285714,102.85714285714286
Albert Ramos,109.22222222222223,219.61111111111111,1.053888888888889,2.1555555555555554,2.461111111111111,64.88888888888889,65.75,52.266666666666666,3.3055555555555554,3.8333333333333335,6.555555555555555,11.277777777777779,12.277777777777779,122.93333333333334
Alejandro Tabilo,40.523809523809526,84.23809523809524,1.5890476190476188,7.10952380952381,2.5857142857142854,66.8952380952381,73.4095238095238,51.07142857142857,5.595238095238095,4.285714285714286,6.666666666666667,12.714285714285714,10.714285714285714,107.95238095238095
Aleksandar Kovacevic,93.95238095238095,103.14285714285714,1.051904761904762,7.647619047619047,3.3476190476190473,58.36666666666667,71.02380952380952,48.785714285714285,3.238095238095238,4.142857142857143,6.761904761904762,13.142857142857142,12.19047619047619,118.0952380952381
Aleksandar Vukic,63.63157894736842,121.84210526315789,1.0836842105263158,7.615789473684211,2.263157894736842,61.15263157894737,70.2,49.83157894736842,3.6842105263157894,4.2631578947368425,6.7894736842105265,10.631578947368421,11.421052631578947,102.57894736842105
Alessandro Giannessi,456.5,423.7285714285714,1.112142857142857,5.307142857142857,3.192857142857143,62.199999999999996,65.62142857142858,52.614285714285714,3.9285714285714284,3.7142857142857144,7.214285714285714,8.642857142857142,11.5,123.71428571428571
Alex Bolt,248.55555555555554,450.3333333333333,1.2922222222222224,5.822222222222222,6.466666666666667,56.08888888888889,69.43333333333334,52.67777777777778,4.555555555555555,3.4444444444444446,6.444444444444445,10.11111111111111,12.777777777777779,114.44444444444444
Alex Michelsen,70.46666666666667,70.53333333333333,0.9806666666666667,6.2733333333333325,2.96,63.3,67.67333333333333,44.4,2.6,4.2,7.533333333333333,11.266666666666667,12.333333333333334,111.6
Alex Molcan,225.61111111111111,339.05555555555554,1.1638888888888888,6.9222222222222225,5.422222222222222,60.638888888888886,72.9,47.48888888888889,5.166666666666667,3.888888888888889,6.722222222222222,9.444444444444445,9.833333333333334,111.88888888888889
Alexander Blockx,306.5263157894737,494.72631578947363,1.2131578947368422,5.136842105263158,3.757894736842105,63.626315789473686,68.15263157894738,52.03684210526316,1.5263157894736843,4.157894736842105,7.052631578947368,10.736842105263158,12.263157894736842,98.42105263157895
Alexander Bublik,21.857142857142858,58.95238095238095,1.0085714285714285,11.547619047619047,7.0476190476190474,61.41428571428572,72.34761904761905,46.50476190476191,6.333333333333333,4.428571428571429,7.0,11.476190476190476,12.047619047619047,106.08571428571429
Alexander Ritschard,221.9047619047619,197.95238095238096,1.0357142857142858,3.842857142857143,2.861904761904762,66.2,66.38095238095238,47.71904761904762,4.523809523809524,4.333333333333333,7.428571428571429,12.047619047619047,10.238095238095237,119.1047619047619
Alexander Shevchenko,57.733333333333334,57.86666666666667,0.9079999999999999,6.48,4.073333333333333,59.973333333333336,67.60666666666667,45.18,2.3333333333333335,5.0,8.266666666666667,10.333333333333334,12.533333333333333,107.73333333333333
Alexander Weis,310.7692307692308,371.2307692307692,1.0146153846153845,5.092307692307693,3.9692307692307693,58.73846153846154,70.27692307692308,49.00769230769231,1.9230769230769231,3.3846153846153846,6.076923076923077,10.538461538461538,11.0,118.46153846153847
Alexander Zverev,5.2631578947368425,50.473684210526315,1.6,9.478947368421052,1.7210526315789476,72.38947368421053,74.67894736842106,58.05263157894737,4.421052631578948,2.5789473684210527,3.8421052631578947,11.842105263157896,9.105263157894736,104.05263157894737
Alexandre Muller,96.57894736842105,233.94736842105263,1.0594736842105263,5.2894736842105265,2.9105263157894736,60.71052631578947,68.87894736842105,51.43684210526315,3.9473684210526314,3.8421052631578947,6.7894736842105265,11.368421052631579,11.0,115.52631578947368
Alexei Popyrin,42.89473684210526,82.21052631578948,1.0878947368421052,9.76842105263158,3.0,66.11578947368422,71.78421052631579,54.33157894736842,3.3157894736842106,3.526315789473684,5.578947368421052,12.789473684210526,12.473684210526315,119.52631578947368
Alexis Galarneau,139.1,222.6,1.0574999999999999,3.2049999999999996,3.4299999999999997,60.375,67.28999999999999,51.185,5.0,3.95,7.05,11.9,10.9,105.25
Alexis Gautier,431.0,395.0,0.9800000000000001,6.785714285714286,5.571428571428571,60.542857142857144,65.77142857142857,48.471428571428575,4.571428571428571,3.4285714285714284,7.142857142857143,7.428571428571429,11.0,113.85714285714286
Alibek Kachmazov,257.14285714285717,289.07142857142856,1.062142857142857,3.5285714285714285,3.3214285714285716,62.57142857142857,66.50714285714285,52.75714285714286,4.214285714285714,3.357142857142857,5.857142857142857,11.785714285714286,10.571428571428571,93.14285714285714
Andrea Collarini,215.66666666666666,250.60000000000002,0.9444444444444444,2.3333333333333335,3.961111111111111,62.022222222222226,63.80555555555556,45.98888888888889,3.7777777777777777,4.333333333333333,8.222222222222221,10.5,9.833333333333334,111.44444444444444
Andrea Pellegrino,169.6875,237.25,1.003125,5.475,4.5,55.7375,67.9875,48.725,3.5,3.375,6.125,10.3125,11.6875,90.5625
Andrea Vavassori,176.65,231.15,1.3015,14.615,11.295,57.685,77.55499999999999,48.6,3.8,3.35,5.45,11.0,10.5,103.5
Andrew Paulson,388.11764705882354,297.88235294117646,1.4141176470588235,4.588235294117647,3.6999999999999997,61.970588235294116,69.22941176470589,50.28235294117647,4.0588235294117645,3.9411764705882355,7.0,12.058823529411764,11.117647058823529,104.0
Andrey Rublev,6.181818181818182,56.09090909090909,1.259090909090909,8.959090909090909,2.8454545454545457,63.7,75.19545454545454,57.63181818181818,5.454545454545454,3.4545454545454546,4.818181818181818,12.909090909090908,11.409090909090908,102.82727272727271
Andy Murray,55.714285714285715,72.92857142857143,1.0064285714285715,4.992857142857143,1.9428571428571428,63.871428571428574,67.94285714285715,48.51428571428572,2.392857142857143,3.0714285714285716,6.285714285714286,13.071428571428571,13.857142857142858,118.21428571428571
Antoine Bellier,450.3,480.34,1.1824999999999999,5.595000000000001,3.25,58.32000000000001,69.35499999999999,47.705,4.4,3.85,7.15,12.0,11.55,117.5
Antoine Escoffier,238.6153846153846,424.38461538461536,0.95,4.846153846153846,4.1230769230769235,65.13846153846154,64.86923076923077,48.146153846153844,3.6153846153846154,5.0,8.307692307692308,11.076923076923077,11.923076923076923,121.38461538461539
Arthur Cazaux,87.45,85.15,1.251,10.675,2.95,62.64,74.8,52.35,4.475,2.8,4.9,13.95,10.95,120.5
Arthur Fery,230.8,208.46666666666667,1.148,6.826666666666666,3.673333333333333,57.12,73.58666666666666,55.75333333333333,3.966666666666667,3.4,5.533333333333333,11.466666666666667,10.066666666666666,104.26666666666667
Arthur Fils,37.588235294117645,103.76470588235294,0.9623529411764705,6.176470588235294,3.4941176470588236,59.358823529411765,69.13529411764705,49.42352941176471,3.411764705882353,4.764705882352941,7.470588235294118,10.058823529411764,10.764705882352942,106.17647058823529
Arthur Rinderknech,84.3157894736842,143.8736842105263,1.1263157894736842,8.094736842105263,2.363157894736842,68.2421052631579,69.21578947368421,47.56315789473685,4.578947368421052,3.0526315789473686,5.684210526315789,13.947368421052632,13.421052631578947,117.05263157894737
Aslan Karatsev,69.4,53.0,1.0314999999999999,7.345000000000001,6.575,56.245000000000005,74.515,46.95,3.575,3.7,6.8,12.25,12.05,129.0
August Holmgren,302.3333333333333,405.5833333333333,1.045,4.4750000000000005,3.783333333333333,61.05833333333334,64.91666666666667,49.050000000000004,2.5,4.166666666666667,7.416666666666667,11.083333333333334,12.25,124.83333333333333
Aziz Dougaz,233.5,300.5,1.315,6.25,2.6,63.53333333333333,71.68333333333334,47.88333333333333,4.333333333333333,3.6666666666666665,6.166666666666667,11.166666666666666,12.666666666666666,107.33333333333333
Beibit Zhukayev,171.52631578947367,280.05263157894734,0.9931578947368421,4.421052631578948,2.7157894736842105,62.18421052631579,66.7,48.47894736842105,3.5789473684210527,3.8421052631578947,7.473684210526316,12.368421052631579,12.31578947368421,115.36842105263158
Ben Shelton,15.954545454545455,62.63636363636363,1.3036363636363637,9.063636363636364,3.6136363636363638,67.91363636363637,75.64545454545454,55.054545454545455,5.204545454545454,3.6818181818181817,5.409090909090909,14.863636363636363,13.590909090909092,130.8181818181818
Benjamin Bonzi,181.26315789473685,292.5263157894737,1.121578947368421,9.984210526315788,3.7473684210526317,58.968421052631584,73.79473684210525,50.45263157894737,4.052631578947368,3.5789473684210527,5.947368421052632,12.368421052631579,12.736842105263158,100.36842105263158
Benjamin Hassan,163.7,201.55,1.105,5.77,3.1849999999999996,63.004999999999995,71.825,54.160000000000004,6.0,3.8,6.0,11.55,11.4,103.0
Benoit Paire,134.07142857142858,115.65714285714286,0.9478571428571428,8.22857142857143,3.292857142857143,62.05714285714286,72.36428571428571,48.59285714285714,1.8571428571428572,3.5,5.571428571428571,9.5,12.142857142857142,98.64285714285714
Bernard Tomic,274.6875,276.25,1.4775,10.2125,3.39375,55.6625,77.73125,54.7125,6.125,2.375,4.125,10.4375,9.25,101.1875
Blaise Bicknell,334.375,441.6625,0.959375,4.5625,2.96875,66.49375,64.6,47.8625,1.75,4.5625,7.9375,10.625,9.375,122.625
Borna Coric,42.7,123.9,1.191,6.475,2.8600000000000003,63.245000000000005,71.06,51.404999999999994,5.9,3.95,6.05,12.0,11.9,109.45
Borna Gojo,136.85,207.4,1.0450000000000002,9.975,3.125,66.255,69.80499999999999,48.39,2.6,4.05,6.65,13.3,12.1,130.0
Brandon Holt,248.08333333333334,283.0,1.0,5.216666666666667,5.1499999999999995,58.324999999999996,69.80833333333334,48.35833333333333,2.8333333333333335,4.583333333333333,8.0,9.166666666666666,10.333333333333334,111.25
Brandon Nakashima,85.3,82.21000000000001,1.2065,9.02,1.605,62.11,76.49,55.65,2.7,2.8,4.45,12.45,11.15,127.3
Bu Yunchaokete,293.15,358.35,1.222,4.6,3.9450000000000003,53.455,71.525,52.69,4.85,4.85,7.6,12.3,9.95,119.5
Calvin Hemery,200.57142857142858,178.61904761904762,0.9166666666666666,9.876190476190477,3.419047619047619,64.37619047619049,72.60952380952381,47.804761904761904,4.523809523809524,3.1904761904761907,5.666666666666667,11.476190476190476,11.19047619047619,117.95238095238095
Cameron Norrie,28.333333333333332,70.47619047619048,1.1785714285714286,5.080952380952381,3.3904761904761904,62.352380952380955,69.15714285714286,51.785714285714285,5.309523809523809,4.476190476190476,7.238095238095238,13.857142857142858,12.666666666666666,133.23809523809524
Carlos Alcaraz,2.217391304347826,54.69565217391305,1.5808695652173912,4.356521739130435,3.260869565217391,65.33043478260869,70.88260869565217,55.873913043478254,5.5,2.0,3.5217391304347827,13.130434782608695,8.695652173913043,103.1304347826087
Carlos Taberner,373.59090909090907,302.0181818181818,1.1490909090909092,3.1772727272727277,4.886363636363637,65.29090909090908,68.08181818181818,49.93636363636363,2.9545454545454546,3.772727272727273,6.545454545454546,10.636363636363637,8.772727272727273,106.27272727272727
Casper Ruud,7.7,41.15,1.3995000000000002,5.485,1.9349999999999998,66.595,72.375,58.44500000000001,7.15,2.95,4.75,12.0,8.9,98.0
Charles Broom,386.6666666666667,423.3333333333333,1.4400000000000002,9.466666666666667,3.9,60.9,73.8,52.36666666666667,2.3333333333333335,2.0,4.0,9.666666666666666,12.666666666666666,71.0
Christopher Eubanks,33.75,124.5,0.8966666666666666,10.3,2.5749999999999997,68.85833333333333,68.80833333333334,54.56666666666666,2.8333333333333335,5.083333333333333,7.166666666666667,10.75,12.666666666666666,105.0
Christopher Oconnell,59.89473684210526,66.52631578947368,1.0205263157894737,8.589473684210526,2.8473684210526318,58.87894736842105,72.55263157894737,51.42631578947368,2.526315789473684,5.2105263157894735,7.578947368421052,11.368421052631579,12.105263157894736,124.26315789473684
Chun Hsin Tseng,264.90909090909093,368.56363636363636,1.0981818181818181,5.4363636363636365,4.45909090909091,59.39545454545455,70.98636363636363,49.945454545454545,3.772727272727273,5.409090909090909,8.272727272727273,12.090909090909092,11.045454545454545,122.86363636363636
Clement Chidekh,339.0,280.81428571428575,1.0307142857142857,4.1571428571428575,5.571428571428571,62.15714285714286,64.94285714285715,48.75714285714286,4.142857142857143,4.0,7.285714285714286,11.928571428571429,9.142857142857142,102.68571428571428
Clement Tabur,221.53846153846155,338.53846153846155,1.0507692307692307,4.253846153846154,3.9076923076923076,64.46923076923078,63.74615384615385,50.63076923076923,4.461538461538462,4.6923076923076925,7.769230769230769,10.615384615384615,10.461538461538462,94.46153846153847
Coleman Wong,185.9,256.99,1.2745,5.82,3.1100000000000003,65.01,69.965,53.260000000000005,3.1,3.65,5.9,11.95,11.85,99.88
Constant Lestienne,99.75,111.625,0.965,7.73125,3.3874999999999997,57.96875,72.05625,49.525,2.8125,4.8125,7.5,10.3125,10.75,123.6875
Corentin Moutet,104.64,195.96,1.1103999999999998,3.7319999999999998,2.3480000000000003,64.824,69.184,53.864,4.06,4.12,6.56,13.0,11.2,122.92
Cristian Garin,95.75,259.75,0.9295,4.985,4.95,59.510000000000005,67.14500000000001,49.015,2.525,5.25,8.7,12.25,12.15,119.7
Dalibor Svrcina,199.6315789473684,329.2631578947368,0.991578947368421,5.178947368421053,4.147368421052631,61.784210526315796,67.67368421052632,44.152631578947364,4.052631578947368,4.157894736842105,7.2631578947368425,11.842105263157896,11.789473684210526,94.73684210526316
Damir Dzumhur,138.27777777777777,219.05555555555554,1.0277777777777777,3.638888888888889,2.161111111111111,68.47777777777779,66.96666666666667,48.599999999999994,2.7222222222222223,3.7777777777777777,7.055555555555555,10.5,9.555555555555555,106.05555555555556
Dane Sweeny,229.5,359.55,1.1555,5.245,3.5450000000000004,61.315,69.21000000000001,51.395,5.65,4.5,7.2,11.6,11.4,116.95
Daniel Altmaier,65.58823529411765,134.88235294117646,0.8547058823529411,6.0,4.329411764705882,61.84117647058823,66.5764705882353,46.80588235294118,3.0294117647058822,4.411764705882353,7.411764705882353,10.117647058823529,11.0,107.58823529411765
Daniel Elahi Galan,91.14285714285714,137.42857142857142,1.105,5.3,3.042857142857143,63.26428571428572,70.06428571428572,46.92857142857143,4.928571428571429,4.5,7.142857142857143,10.571428571428571,12.928571428571429,116.92857142857143
Daniel Evans,71.1304347826087,68.82608695652173,1.1195652173913044,3.5304347826086957,3.143478260869565,61.89565217391304,67.96521739130435,51.460869565217386,3.9130434782608696,4.565217391304348,7.391304347826087,9.956521739130435,12.565217391304348,113.8695652173913
Daniel Masur,377.625,269.0,0.9037499999999999,7.4375,3.25,62.7375,67.6375,50.4875,3.25,3.25,5.5,12.875,10.0,95.625
Daniel Michalski,392.85714285714283,588.2142857142857,1.03,7.678571428571429,6.242857142857143,59.74285714285714,72.86428571428571,47.957142857142856,4.071428571428571,3.9285714285714284,6.642857142857143,10.428571428571429,11.0,115.35714285714286
Daniel Rincon,235.0625,303.9375,1.07125,4.01875,4.8375,55.45625,68.375,48.78125,3.9375,4.4375,7.375,10.75,11.3125,115.375
Daniil Medvedev,4.05,35.35,1.202,5.9399999999999995,4.82,61.375,72.64,51.575,5.65,3.5,5.85,11.6,10.2,103.7
David Goffin,119.42105263157895,103.73684210526316,1.111578947368421,3.6999999999999997,2.1789473684210527,61.31578947368421,65.93157894736842,51.1578947368421,2.789473684210526,4.2631578947368425,7.473684210526316,12.421052631578947,12.210526315789474,110.94736842105263
Denis Kudla,162.77272727272728,319.22727272727275,1.3709090909090909,7.286363636363637,3.3954545454545455,57.63181818181818,74.58181818181818,51.695454545454545,4.136363636363637,3.0454545454545454,5.636363636363637,11.0,10.318181818181818,106.63636363636364
Denis Shapovalov,123.72222222222223,166.33333333333334,1.0811111111111111,9.527777777777779,6.977777777777778,62.84444444444445,71.25555555555555,44.71111111111111,2.25,4.166666666666667,6.888888888888889,12.5,11.555555555555555,108.88888888888889
Denis Yevseyev,152.05,236.55,1.025,2.775,3.59,66.295,62.489999999999995,44.985,4.125,4.9,8.3,10.8,10.9,99.91
Diego Schwartzman,118.875,157.75,0.884375,8.18125,6.1875,54.06875,70.5375,42.975,3.15625,4.6875,8.0625,10.375,11.8125,92.25
Dimitar Kuzmanov,257.05263157894734,322.5578947368421,0.9310526315789475,5.078947368421052,3.5789473684210527,63.44736842105263,66.90526315789474,48.77894736842106,2.3684210526315788,3.9473684210526314,6.578947368421052,12.157894736842104,12.0,104.94736842105263
Dino Prizmic,197.14285714285714,232.38095238095238,1.1333333333333333,4.276190476190476,1.961904761904762,59.62380952380952,66.71428571428571,49.31428571428571,6.142857142857143,4.714285714285714,8.095238095238095,12.571428571428571,11.476190476190476,111.19047619047619
Dmitry Popko,260.6666666666667,143.33333333333334,1.1086666666666667,8.326666666666666,3.4066666666666667,56.38666666666666,73.94666666666667,53.559999999999995,2.433333333333333,3.0,5.2,11.4,10.866666666666667,109.06666666666666
Dominic Stricker,129.33333333333334,118.57142857142857,1.1195238095238096,4.209523809523809,3.7285714285714286,62.2047619047619,68.02857142857144,49.3,1.5476190476190477,3.380952380952381,6.809523809523809,13.761904761904763,13.952380952380953,126.5047619047619
Dominic Thiem,114.9375,235.375,1.15625,6.3625,3.46875,65.79375,74.58125,52.9,1.8125,3.3125,5.0625,11.4375,13.1875,109.5
Dominik Koepfer,54.73684210526316,63.1578947368421,1.091578947368421,6.052631578947368,3.3000000000000003,62.50526315789473,70.43157894736842,49.90526315789474,3.8157894736842106,4.421052631578948,7.105263157894737,11.842105263157896,11.578947368421053,117.26315789473684
Duje Ajdukovic,123.72222222222223,234.44444444444446,1.1694444444444445,6.438888888888889,2.977777777777778,59.949999999999996,69.15,55.78888888888889,4.694444444444445,3.888888888888889,6.777777777777778,12.5,12.5,109.71111111111111
Dusan Lajovic,62.25,89.5,1.0175,4.82,2.465,64.485,69.175,50.364999999999995,2.9,3.25,5.15,11.8,10.9,96.85
Edoardo Lavagno,286.9230769230769,341.61538461538464,1.103076923076923,3.6769230769230767,3.853846153846154,62.36923076923077,65.36153846153846,49.44615384615384,2.230769230769231,2.769230769230769,5.923076923076923,9.615384615384615,12.23076923076923,101.23076923076923
Egor Gerasimov,422.27272727272725,383.06363636363636,1.39,7.281818181818181,3.222727272727273,59.78181818181818,76.4090909090909,54.22727272727273,4.386363636363637,3.3636363636363638,4.863636363636363,11.181818181818182,11.045454545454545,95.95454545454545
Elias Ymer,279.0967741935484,306.3225806451613,1.0248387096774194,6.274193548387097,4.364516129032259,60.806451612903224,68.81612903225808,49.3258064516129,3.161290322580645,3.5806451612903225,6.354838709677419,11.483870967741936,12.483870967741936,108.25806451612904
Elmer Moller,346.0,504.4,1.008,2.52,3.2400000000000007,59.04,60.839999999999996,47.3,3.6,3.4,6.8,11.0,7.8,96.6
Emil Ruusuvuori,65.21428571428571,92.71428571428571,1.1321428571428571,6.921428571428572,2.857142857142857,60.385714285714286,73.92857142857143,56.65,3.357142857142857,3.7142857142857144,5.571428571428571,11.214285714285714,11.285714285714286,111.07142857142857
Emilio Nava,139.04761904761904,160.61904761904762,1.1933333333333334,7.3428571428571425,2.9476190476190474,60.471428571428575,69.75714285714287,53.528571428571425,4.119047619047619,3.6666666666666665,5.904761904761905,12.19047619047619,11.285714285714286,107.61904761904762
Enzo Couacaud,196.0,346.58000000000004,1.2555,4.7,4.49,57.545,71.705,54.45,3.75,2.8,5.15,12.2,10.65,102.1
Ergi Kirkin,272.42857142857144,282.07142857142856,1.25,2.657142857142857,3.307142857142857,65.51428571428572,67.52142857142857,54.91428571428571,3.642857142857143,5.285714285714286,8.214285714285714,13.357142857142858,11.571428571428571,110.78571428571429
Ethan Quinn,171.5,304.1666666666667,1.0875000000000001,7.741666666666667,3.858333333333333,57.199999999999996,72.24166666666666,52.71666666666667,4.416666666666667,4.166666666666667,6.166666666666667,10.75,11.833333333333334,90.0
Evgeny Donskoy,706.2,461.18666666666667,1.4846666666666666,6.04,3.933333333333333,61.18666666666666,70.91333333333334,58.31333333333334,4.333333333333333,3.0,5.266666666666667,10.533333333333333,11.866666666666667,85.46666666666667
Fabian Marozsan,54.59090909090909,46.25454545454546,1.134090909090909,6.127272727272728,3.1363636363636362,63.49545454545455,70.34545454545454,50.93181818181818,2.977272727272727,4.045454545454546,6.545454545454546,11.409090909090908,11.0,102.13636363636364
Fabio Fognini,100.47619047619048,159.8761904761905,1.1461904761904762,3.4666666666666663,4.4714285714285715,63.142857142857146,66.82857142857144,49.13333333333333,2.6666666666666665,4.238095238095238,7.476190476190476,12.19047619047619,12.19047619047619,113.9047619047619
Facundo Bagnis,137.9090909090909,191.72727272727272,1.1309090909090909,7.845454545454545,3.022727272727273,63.39545454545455,69.75,54.52272727272727,4.2272727272727275,4.636363636363637,7.045454545454546,11.772727272727273,11.272727272727273,113.87272727272726
Facundo Mena,388.6666666666667,470.27777777777777,1.1655555555555557,9.850000000000001,3.211111111111111,61.338888888888896,73.18333333333334,51.166666666666664,1.6666666666666667,3.611111111111111,5.722222222222222,11.333333333333334,9.11111111111111,99.72222222222223
Federico Agustin Gomez,363.4117647058824,455.1764705882353,1.0241176470588236,6.800000000000001,4.164705882352941,61.92941176470588,67.37058823529412,52.205882352941174,2.176470588235294,3.9411764705882355,6.352941176470588,12.058823529411764,11.294117647058824,116.70588235294117
Federico Coria,84.16666666666667,117.94444444444444,1.088888888888889,6.916666666666667,3.238888888888889,61.34444444444445,68.42777777777778,50.650000000000006,3.0,3.5555555555555554,6.611111111111111,11.11111111111111,10.944444444444445,107.61111111111111
Federico Gaio,331.5,371.5,1.0242857142857142,0.9357142857142857,2.242857142857143,68.85714285714286,59.550000000000004,50.142857142857146,5.142857142857143,4.142857142857143,7.428571428571429,8.785714285714286,13.0,106.64285714285714
Felix Gill,324.14,241.35,1.1460000000000001,3.4550000000000005,2.19,64.49,69.16,56.95,4.85,3.85,6.4,12.0,10.3,123.7
Filip Cristian Jianu,320.6666666666667,297.3333333333333,0.9700000000000001,5.8999999999999995,2.4499999999999997,61.76666666666667,68.88333333333334,50.71666666666666,1.3333333333333333,4.666666666666667,7.166666666666667,12.5,11.833333333333334,110.5
Filip Misolic,210.13333333333333,291.93333333333334,1.0306666666666666,7.52,6.793333333333334,57.093333333333334,71.39333333333335,49.233333333333334,4.8,4.066666666666666,6.533333333333333,10.8,12.133333333333333,103.86666666666666
Flavio Cobolli,65.95833333333333,95.41666666666667,1.1020833333333333,5.658333333333334,3.904166666666667,56.04583333333333,71.8,48.73333333333333,2.625,4.625,7.333333333333333,11.458333333333334,11.958333333333334,112.20833333333333
Frances Tiafoe,19.0,67.78947368421052,1.0705263157894738,9.073684210526316,2.5842105263157897,60.50526315789473,73.89473684210526,50.626315789473686,4.7631578947368425,3.736842105263158,6.0,11.894736842105264,12.31578947368421,110.15789473684211
Francesco Maestrelli,254.7,253.03000000000003,1.2205,7.07,4.6450000000000005,58.17999999999999,71.30499999999999,52.56,3.9,3.3,5.65,11.0,10.05,93.55
Francesco Passaro,255.31578947368422,225.0,1.071578947368421,5.273684210526316,3.8263157894736843,61.521052631578954,68.80526315789473,48.96842105263158,3.763157894736842,3.8947368421052633,6.842105263157895,13.68421052631579,13.263157894736842,108.47368421052632
Francisco Cerundolo,87.725,117.55,1.13375,5.2,3.3075,65.16,70.66,52.5875,3.45,3.85,6.1,11.85,10.5,112.01500000000001
Francisco Comesana,107.66666666666667,241.95238095238096,1.1533333333333333,5.5285714285714285,4.314285714285714,62.719047619047615,70.87142857142857,50.028571428571425,3.4047619047619047,4.523809523809524,7.523809523809524,12.047619047619047,10.857142857142858,123.76190476190476
Franco Agamenone,238.05,307.35,0.9359999999999999,6.235,5.8149999999999995,57.754999999999995,70.21000000000001,45.815,3.0,4.85,7.75,10.15,12.05,114.5
Gabriel Debru,392.53333333333336,407.0,0.9086666666666667,2.2733333333333334,2.9866666666666664,62.44666666666667,61.04,48.406666666666666,1.8,4.933333333333334,8.8,9.666666666666666,11.266666666666667,109.33333333333333
Gabriel Diallo,106.85,220.35,1.0805,9.795,5.09,57.475,74.67999999999999,48.705,3.825,3.85,6.1,12.95,12.55,113.15
Gael Monfils,53.75,60.35,1.1664999999999999,8.515,4.36,61.6,74.175,52.995000000000005,4.3,3.55,5.35,13.0,11.9,112.1
Gauthier Onclin,442.27272727272725,253.36363636363637,1.2481818181818183,1.8636363636363635,3.6818181818181817,69.7090909090909,62.690909090909095,48.10909090909092,5.909090909090909,4.454545454545454,8.272727272727273,11.909090909090908,10.454545454545455,121.54545454545455
Genaro Alberto Olivieri,213.5,277.84444444444443,1.1405555555555555,4.472222222222222,4.511111111111111,65.42222222222222,66.91111111111111,46.56666666666667,3.888888888888889,3.5555555555555554,6.277777777777778,11.555555555555555,11.277777777777779,86.05555555555556
Geoffrey Blancaneaux,220.8125,273.6875,1.00875,6.36875,4.175,60.8625,67.525,50.8375,3.875,3.375,6.25,10.6875,11.3125,109.75
Gianluca Mager,280.0,341.1923076923077,1.191923076923077,1.7615384615384615,4.365384615384615,68.38846153846154,63.38461538461539,54.71153846153846,4.461538461538462,4.3076923076923075,6.961538461538462,11.692307692307692,9.461538461538462,111.03846153846153
Gijs Brouwer,413.5263157894737,196.6315789473684,1.0073684210526317,3.5052631578947366,2.3421052631578947,64.32631578947368,67.75263157894737,51.58947368421053,4.2368421052631575,6.052631578947368,9.31578947368421,10.263157894736842,9.842105263157896,149.1578947368421
Giovanni Fonio,342.3478260869565,434.8,0.9891304347826086,5.595652173913043,3.856521739130435,61.573913043478264,65.75217391304348,45.19130434782609,2.652173913043478,4.3478260869565215,7.304347826086956,11.347826086956522,10.869565217391305,104.08695652173913
Giulio Zeppieri,112.52631578947368,202.94736842105263,1.546315789473684,8.08421052631579,5.38421052631579,59.921052631578945,72.90526315789474,50.22105263157895,2.1578947368421053,4.315789473684211,6.7894736842105265,12.052631578947368,12.052631578947368,96.84210526315789
Goncalo Oliveira,273.0,202.23529411764707,1.1470588235294117,6.429411764705883,3.623529411764706,64.61764705882354,70.84705882352942,51.28823529411765,3.235294117647059,3.411764705882353,5.823529411764706,10.941176470588236,11.352941176470589,117.76470588235294
Gonzalo Bueno,289.8125,296.9375,1.01375,4.6125,2.3125,64.75,69.3875,51.25625,3.0,4.875,7.1875,11.5,9.875,113.15
Gregoire Barrere,122.76190476190476,187.42857142857142,1.2719047619047619,7.319047619047619,4.066666666666667,64.46666666666667,69.71904761904761,52.338095238095235,2.9047619047619047,3.5238095238095237,5.619047619047619,10.714285714285714,10.142857142857142,101.28571428571429
Grigor Dimitrov,11.55,47.2,1.443,10.03,3.815,63.385000000000005,77.975,55.9,5.4,1.9,3.3,12.7,10.95,105.45
Guido Andreozzi,217.125,338.9375,1.093125,13.9875,5.5125,59.94375,78.49375,52.275,1.875,3.3125,5.5625,10.8125,10.9375,123.0
Guido Pella,249.83333333333334,290.94444444444446,1.115,5.677777777777778,5.011111111111111,59.9388888888889,66.74444444444445,53.47222222222222,4.277777777777778,4.277777777777778,7.111111111111111,14.444444444444445,15.833333333333334,114.72222222222223
Gustavo Heide,194.89473684210526,309.63157894736844,1.0742105263157895,8.515789473684212,3.836842105263158,68.43684210526315,70.93684210526315,45.9,4.7894736842105265,4.2105263157894735,6.894736842105263,12.105263157894736,10.157894736842104,110.22105263157894
Hady Habib,300.3,216.4,1.431,6.460000000000001,2.1399999999999997,67.88,72.61,54.85,4.3,3.3,5.8,10.4,11.1,113.4
Hamad Medjedovic,121.95,171.05,1.2855,9.940000000000001,3.3899999999999997,64.575,71.14,50.519999999999996,4.25,3.1,5.8,12.8,10.55,89.85
Harold Mayot,234.0,380.7942857142857,1.282857142857143,4.517142857142857,3.8800000000000003,62.762857142857136,69.47428571428571,52.04,5.1,3.6285714285714286,6.085714285714285,11.657142857142857,11.714285714285714,100.48571428571428
Hazem Naw,371.42105263157896,607.9684210526316,1.1110526315789473,5.542105263157895,4.915789473684211,60.800000000000004,72.52631578947368,46.50526315789474,3.3684210526315788,3.9473684210526314,6.052631578947368,11.894736842105264,10.105263157894736,103.73684210526316
Henri Squire,216.31578947368422,245.3684210526316,1.216842105263158,4.526315789473684,2.7263157894736842,60.473684210526315,69.8,56.0578947368421,4.684210526315789,3.6842105263157894,5.7894736842105265,11.947368421052632,9.157894736842104,110.57894736842105
Henrique Rocha,232.625,278.4375,1.275,8.06875,4.81875,58.825,72.19375,47.19375,5.8125,3.4375,6.0,12.1875,11.875,96.0625
Hernan Casanova,398.9166666666667,569.1666666666666,1.1666666666666667,3.6666666666666665,4.691666666666667,68.31666666666666,65.675,47.06666666666666,1.3333333333333333,3.1666666666666665,6.583333333333333,11.833333333333334,10.25,103.25
Hiroki Moriya,351.3636363636364,400.1818181818182,1.3254545454545454,9.627272727272727,3.2545454545454544,59.03636363636363,72.03636363636363,53.09090909090909,1.5454545454545454,4.818181818181818,7.2727272727272725,9.0,10.090909090909092,101.27272727272727
Holger Rune,9.1,52.65,1.1564999999999999,6.995,2.98,59.620000000000005,73.8,55.08,4.95,4.7,6.65,12.25,12.1,117.9
Hubert Hurkacz,8.9,69.75,1.1664999999999999,13.469999999999999,1.7899999999999998,62.495000000000005,76.19,57.19500000000001,5.05,4.05,5.55,13.85,12.25,116.45
Hugo Dellien,153.25,216.6,1.003,2.165,2.475,66.87,60.02,49.714999999999996,2.3,5.55,9.2,11.15,10.9,116.47999999999999
Hugo Gaston,92.0,64.7,1.1030000000000002,1.85,4.44,63.339999999999996,68.46000000000001,46.54,3.5,5.0,7.8,10.6,14.9,116.6
Hugo Grenier,190.11764705882354,333.11764705882354,1.0888235294117645,13.5,4.958823529411765,60.182352941176475,74.71764705882353,50.8235294117647,3.7058823529411766,3.8823529411764706,6.0,10.117647058823529,11.117647058823529,117.88235294117646
Illya Marchenko,284.0,386.8,1.094,4.319999999999999,2.7199999999999998,58.92666666666666,68.52,48.72666666666667,5.933333333333334,3.6,6.6,11.6,12.466666666666667,110.73333333333333
Ilya Ivashka,226.53846153846155,310.38461538461536,1.06,3.269230769230769,5.2153846153846155,63.23846153846154,64.5923076923077,46.23846153846154,2.5384615384615383,4.230769230769231,7.6923076923076925,12.615384615384615,15.0,97.61538461538461
Ivan Gakhov,235.125,278.625,0.965,5.2375,4.4875,57.40625,63.76875,47.73125,3.9375,4.625,7.5,11.125,11.6875,97.9375
J J Wolf,104.84615384615384,257.0769230769231,1.1923076923076923,11.63846153846154,4.3076923076923075,53.49230769230769,75.34615384615384,54.16923076923077,5.846153846153846,4.153846153846154,6.3076923076923075,9.923076923076923,13.0,94.53846153846153
Jack Draper,46.91304347826087,50.82608695652174,1.33,9.243478260869566,3.634782608695652,58.18695652173913,77.35217391304347,51.24347826086956,4.739130434782608,3.782608695652174,6.086956521739131,13.91304347826087,11.695652173913043,125.21739130434783
Jaime Faria,228.46153846153845,257.6923076923077,1.1238461538461537,6.823076923076924,1.9769230769230768,68.9,69.52307692307691,50.5,3.923076923076923,3.769230769230769,5.769230769230769,12.692307692307692,10.76923076923077,87.53846153846153
Jakub Mensik,96.05,134.15,1.0035,9.965,3.21,60.835,71.155,52.835,4.975,3.4,5.35,11.35,10.35,103.7
James Duckworth,105.3157894736842,226.79999999999998,1.1294736842105264,7.268421052631578,4.468421052631579,60.473684210526315,71.90526315789474,49.526315789473685,5.578947368421052,4.368421052631579,6.947368421052632,12.68421052631579,11.0,115.15789473684211
James Mccabe,311.64285714285717,365.42857142857144,1.2914285714285716,9.264285714285714,3.142857142857143,63.142857142857146,72.89285714285714,57.478571428571435,3.0,2.142857142857143,4.0,12.214285714285714,10.785714285714286,97.28571428571429
Jan Choinski,236.5625,248.75,1.185625,5.6375,4.71875,60.7875,74.06875,51.05625,6.0625,4.3125,6.125,11.1875,10.5,117.0625
Jan Lennard Struff,30.55,35.15,1.08,9.445,3.055,57.815,73.52000000000001,51.58,4.55,3.15,5.3,12.6,11.5,100.3
Jannik Sinner,2.9565217391304346,51.21739130434783,1.6204347826086958,6.834782608695652,2.182608695652174,62.85217391304347,80.42173913043479,60.45652173913044,7.130434782608695,2.869565217391304,3.782608695652174,12.869565217391305,7.695652173913044,98.04347826086956
Jason Jung,112.75,112.4,0.985,3.54,4.21,67.11,65.535,48.075,3.825,6.05,9.5,11.75,11.2,128.26
Jason Kubler,184.73684210526315,489.7894736842105,1.5878947368421052,2.2157894736842105,3.0,67.57368421052632,64.12105263157895,49.82631578947369,3.526315789473684,4.368421052631579,8.052631578947368,13.421052631578947,12.842105263157896,118.26315789473684
Jaume Munar,71.38095238095238,121.52380952380952,1.0561904761904761,2.238095238095238,3.933333333333333,68.26666666666667,62.438095238095244,47.78095238095238,2.6904761904761907,5.0,8.285714285714286,11.19047619047619,9.761904761904763,112.52380952380952
Jiri Lehecka,30.083333333333332,81.0,1.235,10.766666666666666,2.9625,63.520833333333336,75.66250000000001,53.07083333333333,4.604166666666667,4.25,6.0,12.583333333333334,10.583333333333334,109.95833333333333
Jiri Vesely,330.53333333333336,389.4,1.0153333333333334,3.52,5.766666666666667,63.36666666666667,65.93333333333334,46.2,2.6,4.866666666666666,8.066666666666666,11.6,12.666666666666666,107.86666666666666
Joao Fonseca,236.65,404.1,1.1675,5.6450000000000005,4.37,58.614999999999995,70.64,51.15,4.35,4.9,7.6,12.75,12.2,108.9
Joao Sousa,323.23809523809524,333.3809523809524,1.0647619047619048,4.809523809523809,4.247619047619048,63.69523809523809,65.65714285714286,47.08571428571429,4.428571428571429,3.6666666666666665,6.761904761904762,12.142857142857142,11.285714285714286,101.23809523809524
John Isner,398.6,466.81333333333333,1.494,7.126666666666667,2.5133333333333336,64.01333333333334,70.06,54.093333333333334,2.2,3.3333333333333335,5.333333333333333,15.066666666666666,15.333333333333334,95.0
Jordan Thompson,38.61904761904762,138.8095238095238,1.3604761904761904,8.352380952380953,1.5857142857142856,62.938095238095244,71.5952380952381,55.81428571428571,4.976190476190476,4.238095238095238,6.476190476190476,11.857142857142858,11.714285714285714,116.42857142857143
Jozef Kovalik,180.57142857142858,270.32380952380953,1.2447619047619047,5.666666666666667,3.7190476190476196,55.7047619047619,68.13809523809525,54.27142857142857,4.309523809523809,4.095238095238095,6.857142857142857,12.238095238095237,9.714285714285714,100.28571428571429
Juan Pablo Ficovich,231.3,299.5,1.1584999999999999,6.154999999999999,2.705,66.405,70.765,56.015,2.825,3.85,6.35,11.05,9.6,119.17999999999999
Juan Pablo Varillas,112.85,316.1,1.3,4.925,2.13,63.260000000000005,71.745,53.875,7.65,3.95,6.2,12.85,11.35,118.5
Jules Marie,231.28571428571428,334.35714285714283,1.08,4.685714285714285,2.685714285714286,59.00714285714286,68.57857142857144,49.92142857142857,5.285714285714286,3.357142857142857,6.071428571428571,11.642857142857142,11.071428571428571,110.21428571428571
Juncheng Shang,123.25,88.55,1.167,4.67,2.44,65.5,72.015,52.765,1.925,4.15,6.3,12.5,12.65,121.05
Jurij Rodionov,133.8125,159.75,1.051875,2.69375,0.925,68.0875,61.8625,53.01875,3.3125,4.625,7.5625,11.4375,11.6875,116.1875
Karen Khachanov,16.8,40.0,1.278,7.55,1.6600000000000001,67.28,73.78,53.584,5.05,2.6,4.6,11.95,10.4,109.5
Kei Nishikori,382.6,542.1,1.056,6.590000000000001,4.62,57.89,66.35499999999999,44.239999999999995,1.8,3.3,6.6,14.15,11.75,90.5
Kimmer Coppejans,307.25,285.3,1.165,5.2700000000000005,3.495,63.760000000000005,68.63,51.235,5.55,4.45,6.75,10.9,10.25,109.6
Kyrian Jacquet,222.9047619047619,293.23809523809524,1.0828571428571427,3.580952380952381,3.6380952380952385,60.7952380952381,68.71904761904761,52.785714285714285,5.714285714285714,4.190476190476191,7.0476190476190474,12.0,9.666666666666666,109.85714285714286
Laslo Djere,40.1764705882353,185.05882352941177,0.9794117647058823,6.111764705882353,3.476470588235294,62.711764705882345,66.1470588235294,49.51176470588236,3.8823529411764706,5.0588235294117645,8.117647058823529,11.764705882352942,12.294117647058824,108.76470588235294
Leandro Riedi,185.3913043478261,274.7391304347826,1.1417391304347826,3.9869565217391307,4.9,62.07826086956521,68.83478260869565,50.626086956521746,5.391304347826087,4.3478260869565215,7.0,12.782608695652174,10.130434782608695,111.69565217391305
Li Tu,328.38,278.6,1.0879999999999999,9.709999999999999,5.459999999999999,61.339999999999996,75.83,53.64,2.35,4.4,6.3,10.9,12.5,121.3
Liam Broady,152.61111111111111,298.8888888888889,1.181111111111111,6.233333333333333,2.7555555555555555,59.58888888888888,71.92777777777778,52.68333333333333,5.111111111111111,2.8333333333333335,5.055555555555555,10.333333333333334,10.38888888888889,98.88888888888889
Liam Draxl,269.7,371.7,1.0050000000000001,3.685,6.38,61.205,63.6,45.175,3.95,3.85,7.35,13.65,12.05,100.45
Lloyd Harris,166.89473684210526,235.60526315789474,1.1984210526315788,8.457894736842105,2.878947368421053,61.84473684210526,71.62105263157895,50.50526315789474,3.026315789473684,3.736842105263158,6.421052631578948,11.605263157894736,10.342105263157896,111.10000000000001
Lorenzo Giustino,497.6666666666667,510.6666666666667,1.1849999999999998,5.1499999999999995,4.583333333333333,60.1,64.66666666666667,53.166666666666664,2.3333333333333335,3.1666666666666665,6.166666666666667,11.5,7.166666666666667,91.16666666666667
Lorenzo Musetti,26.333333333333332,60.0,0.9766666666666666,2.9722222222222223,2.3444444444444446,63.13333333333334,68.33888888888889,47.97222222222222,3.111111111111111,4.444444444444445,7.333333333333333,9.833333333333334,10.833333333333334,102.61111111111111
Lorenzo Sonego,54.1764705882353,70.82352941176471,1.0847058823529412,6.241176470588235,2.364705882352941,63.9,72.5529411764706,54.0,3.264705882352941,3.2941176470588234,5.705882352941177,11.647058823529411,12.823529411764707,119.3529411764706
Luca Nardi,99.3157894736842,121.52631578947368,1.061578947368421,3.3684210526315788,3.121052631578947,67.71578947368421,67.90526315789474,50.09473684210526,2.9473684210526314,4.473684210526316,7.2631578947368425,12.894736842105264,11.68421052631579,109.36842105263158
Lucas Pouille,250.1904761904762,323.2857142857143,1.2042857142857142,3.433333333333333,3.2142857142857144,63.2,68.29523809523809,49.50952380952381,5.666666666666667,3.9047619047619047,6.809523809523809,12.428571428571429,10.619047619047619,119.9047619047619
Lucas Poullain,288.25,297.5833333333333,0.9316666666666666,2.975,2.658333333333333,58.475,69.02499999999999,48.19166666666666,2.5,3.8333333333333335,6.333333333333333,9.833333333333334,9.833333333333334,94.91666666666667
Luciano Darderi,58.94736842105263,70.10526315789474,0.9578947368421052,5.663157894736842,2.994736842105263,57.163157894736834,69.96315789473684,48.41578947368421,3.473684210526316,4.684210526315789,7.578947368421052,11.526315789473685,11.578947368421053,111.52631578947368
Lukas Klein,142.0,146.82608695652175,1.162608695652174,8.182608695652174,2.9434782608695653,65.16956521739131,68.86086956521739,55.22173913043478,1.7608695652173914,4.086956521739131,6.260869565217392,13.91304347826087,12.130434782608695,117.1304347826087
Lukas Neumayer,270.625,266.4375,1.09,2.9625,5.35,64.8125,62.85,47.78125,6.0625,5.375,8.9375,11.0625,10.625,115.275
Luke Saville,321.3333333333333,462.1666666666667,1.2233333333333334,3.15,1.6166666666666665,58.03333333333333,68.83333333333333,53.71666666666667,2.3333333333333335,3.5,5.5,8.5,11.333333333333334,88.66666666666667
Mackenzie Mcdonald,51.714285714285715,80.07142857142857,1.1907142857142858,7.285714285714286,2.242857142857143,63.199999999999996,74.52857142857144,52.7,3.1785714285714284,3.142857142857143,5.214285714285714,12.357142857142858,13.5,137.92857142857142
Maks Kasnikowski,284.55555555555554,397.1111111111111,1.2044444444444444,2.011111111111111,6.055555555555555,64.27222222222223,67.27777777777777,48.583333333333336,5.111111111111111,5.666666666666667,9.166666666666666,11.444444444444445,10.944444444444445,136.94444444444446
Manuel Guinard,322.0,233.93333333333334,1.0046666666666666,7.013333333333334,4.073333333333333,61.28,69.40666666666667,48.50666666666667,5.4,4.2,7.266666666666667,10.866666666666667,10.266666666666667,121.73333333333333
Marc Andrea Huesler,204.95,337.57,0.9475,4.33,4.345000000000001,60.510000000000005,66.33500000000001,49.025,4.05,4.8,7.95,13.1,12.0,102.45
Marc Polmans,202.28571428571428,249.03809523809525,1.0933333333333333,5.742857142857143,3.2095238095238097,59.91904761904762,71.29047619047618,50.87142857142857,5.476190476190476,4.285714285714286,6.714285714285714,11.523809523809524,10.952380952380953,114.04761904761905
Marco Cecchinato,320.8125,307.3125,0.940625,8.44375,4.10625,56.94375,72.75625,49.13125,2.8125,3.375,5.75,9.75,10.0625,98.3125
Marco Trungelliti,203.66666666666666,360.8095238095238,1.2238095238095237,2.623809523809524,3.8333333333333335,63.74285714285714,67.08095238095238,57.25714285714286,5.809523809523809,4.238095238095238,6.285714285714286,11.571428571428571,9.19047619047619,115.85714285714286
Marcos Giron,58.76190476190476,74.76190476190476,1.4038095238095238,6.223809523809523,2.038095238095238,63.599999999999994,72.54761904761905,58.24285714285714,6.738095238095238,2.619047619047619,4.285714285714286,11.476190476190476,10.857142857142858,98.23809523809524
Mariano Navone,67.30434782608695,115.91304347826087,1.326086956521739,3.4782608695652173,2.139130434782609,69.48260869565217,68.00434782608696,52.13478260869565,7.021739130434782,3.9565217391304346,6.739130434782608,12.652173913043478,9.956521739130435,118.95652173913044
Mark Lajal,212.7,296.35,1.1815,8.835,4.1850000000000005,61.839999999999996,70.155,51.75,4.1,3.4,6.15,11.25,11.35,107.15
Marko Topo,400.9,766.6,1.075,6.7700000000000005,4.2299999999999995,60.85,67.7,53.739999999999995,2.4,5.4,8.1,10.4,12.3,106.3
Martin Damm,207.72222222222223,256.44444444444446,1.0872222222222223,9.11111111111111,3.8333333333333335,56.03888888888889,73.26111111111112,48.15555555555555,4.916666666666667,4.055555555555555,6.666666666666667,11.666666666666666,12.444444444444445,110.05555555555556
Martin Landaluce,337.09090909090907,350.8181818181818,1.160909090909091,3.1545454545454548,3.036363636363636,60.06363636363637,71.51818181818182,53.11818181818182,2.8181818181818183,4.0,6.181818181818182,11.090909090909092,13.363636363636363,118.16363636363636
Marton Fucsovics,74.05,78.65,1.1460000000000001,4.775,2.4899999999999998,64.615,69.8,52.864999999999995,4.25,3.8,6.25,12.15,9.3,113.35
Marvin Moeller,323.75,263.1875,1.068125,2.7625,4.375,60.89375,68.9875,47.96875,3.8125,5.1875,7.9375,11.25,11.25,121.8125
Mate Valkusz,262.7894736842105,326.8421052631579,1.072105263157895,3.668421052631579,2.8210526315789473,67.8578947368421,67.41052631578947,52.76842105263158,6.0,3.6315789473684212,6.631578947368421,11.368421052631579,11.894736842105264,121.05263157894737
Mathias Bourgue,319.0,261.9230769230769,1.2384615384615385,3.0615384615384613,2.4384615384615382,62.37692307692308,71.4076923076923,54.62307692307692,5.3076923076923075,2.6923076923076925,4.461538461538462,10.615384615384615,11.538461538461538,96.15384615384616
Mathys Erhard,416.2,437.4,1.4513333333333334,2.9466666666666668,2.5933333333333333,68.05333333333333,69.22666666666667,49.480000000000004,1.8,4.066666666666666,6.666666666666667,10.8,10.266666666666667,98.06666666666666
Matteo Arnaldi,40.2,63.6,1.0525,8.24,3.3950000000000005,58.08,70.705,49.295,2.95,3.5,6.5,12.15,11.75,116.55
Matteo Berrettini,74.57142857142857,78.52380952380952,1.0019047619047619,7.823809523809524,3.2333333333333334,59.46666666666666,70.57142857142857,49.74285714285714,2.4761904761904763,4.380952380952381,7.523809523809524,14.047619047619047,12.285714285714286,123.23809523809524
Matteo Gigante,159.13636363636363,224.36363636363637,1.0968181818181817,8.259090909090908,5.845454545454545,61.99545454545455,71.96818181818182,48.9,6.136363636363637,3.727272727272727,6.363636363636363,11.454545454545455,9.954545454545455,104.63636363636364
Matteo Martineau,174.05263157894737,209.0,0.9531578947368421,4.7,2.863157894736842,63.75789473684211,65.97894736842105,48.13157894736842,2.473684210526316,5.368421052631579,8.421052631578947,12.105263157894736,11.736842105263158,109.6842105263158
Mattia Bellucci,182.94444444444446,349.1666666666667,0.9461111111111111,3.605555555555556,2.272222222222222,63.949999999999996,60.75555555555555,42.77222222222222,2.3333333333333335,3.5555555555555554,7.555555555555555,11.555555555555555,11.222222222222221,93.66666666666667
Max Purcell,73.93333333333334,69.36,1.0273333333333334,3.3466666666666667,3.76,61.60666666666667,67.87333333333333,50.57333333333334,2.566666666666667,3.3333333333333335,6.4,10.466666666666667,12.866666666666667,114.13333333333334
Maxime Cressy,183.76190476190476,359.9047619047619,1.2085714285714286,7.909523809523809,4.190476190476191,61.9952380952381,72.23333333333333,50.51428571428571,5.190476190476191,4.714285714285714,6.904761904761905,12.19047619047619,10.904761904761905,109.19047619047619
Maxime Janvier,241.78571428571428,399.07142857142856,1.0764285714285715,5.1000000000000005,4.728571428571429,60.81428571428571,68.12857142857142,45.6,2.7142857142857144,4.571428571428571,7.642857142857143,13.214285714285714,13.071428571428571,99.92857142857143
Maximilian Marterer,88.13333333333334,140.06666666666666,0.8813333333333334,4.746666666666667,3.9866666666666664,64.71333333333334,64.83999999999999,46.54,2.0,3.466666666666667,7.2,11.333333333333334,12.266666666666667,119.0
Michael Geerts,346.26666666666665,448.1066666666667,1.1026666666666667,4.193333333333333,2.72,61.34666666666667,68.31333333333333,51.193333333333335,1.8,3.1333333333333333,5.6,11.933333333333334,12.2,86.26666666666667
Michael Mmoh,105.29411764705883,195.05882352941177,0.9488235294117646,5.676470588235294,3.9411764705882355,63.27058823529411,66.54117647058824,47.84705882352941,3.1470588235294117,3.5294117647058822,6.588235294117647,10.235294117647058,10.117647058823529,114.94117647058823
Michael Vrbensky,263.14285714285717,321.85714285714283,1.0457142857142858,3.5142857142857147,4.671428571428572,59.785714285714285,68.57142857142857,47.55714285714286,2.4285714285714284,3.4285714285714284,6.571428571428571,9.0,11.571428571428571,92.14285714285714
Mikhail Kukushkin,162.0952380952381,199.42857142857142,1.2276190476190476,2.4142857142857146,3.080952380952381,65.63333333333333,68.18571428571428,56.18571428571429,5.666666666666667,2.9523809523809526,5.0476190476190474,11.428571428571429,10.095238095238095,108.95238095238095
Milos Raonic,197.16666666666666,263.1111111111111,1.1749999999999998,5.194444444444445,3.3,60.4388888888889,68.13333333333334,53.00555555555556,4.305555555555555,3.4444444444444446,5.555555555555555,13.0,12.055555555555555,104.83333333333333
Miomir Kecmanovic,55.76470588235294,81.6470588235294,0.9841176470588235,4.0588235294117645,2.2470588235294118,64.40588235294118,64.45882352941176,52.28823529411765,2.823529411764706,3.823529411764706,6.705882352941177,11.117647058823529,11.823529411764707,108.47058823529412
Mitchell Krueger,259.2,274.05,1.0035,3.53,3.775,66.365,62.69,47.11,3.45,5.05,8.35,12.4,11.3,112.64000000000001
Moez Echargui,371.94736842105266,427.0736842105263,0.9378947368421052,2.805263157894737,4.5210526315789465,66.26842105263158,62.978947368421046,47.257894736842104,1.631578947368421,4.052631578947368,7.2631578947368425,12.894736842105264,12.052631578947368,88.52631578947368
Nerman Fatic,143.0,173.92307692307693,0.9607692307692308,2.5,5.576923076923077,60.599999999999994,62.79230769230769,46.53076923076923,1.7692307692307692,3.5384615384615383,6.846153846153846,10.076923076923077,12.538461538461538,97.3076923076923
Nicholas David Ionel,356.0,390.3,1.095,2.0100000000000002,4.1899999999999995,73.83,63.42999999999999,46.47,6.2,4.8,8.1,8.3,9.7,110.16
Nick Hardt,235.13333333333333,311.06666666666666,1.2353333333333334,7.12,7.239999999999999,58.54666666666667,72.86,53.42666666666666,4.266666666666667,4.066666666666666,7.133333333333334,12.266666666666667,10.4,123.66666666666667
Nicolas Jarry,21.7,82.15,1.209,9.5,2.5949999999999998,60.645,73.03,53.57000000000001,5.7,3.0,5.35,12.75,12.15,129.0
Nicolas Mejia,60.294117647058826,63.76470588235294,1.0976470588235294,14.870588235294118,3.8823529411764706,64.00588235294117,75.2235294117647,53.7764705882353,3.176470588235294,3.6470588235294117,5.529411764705882,12.647058823529411,9.235294117647058,143.41176470588235
Nino Serdarusic,358.8888888888889,331.77777777777777,1.0122222222222221,5.277777777777778,3.211111111111111,58.82222222222222,67.82222222222222,53.86666666666667,3.6666666666666665,6.0,8.666666666666666,11.333333333333334,10.88888888888889,144.88888888888889
Novak Djokovic,80.4186046511628,126.69767441860465,1.2955813953488373,6.348837209302325,3.341860465116279,65.96976744186045,70.33023255813953,51.66744186046511,4.406976744186046,3.9302325581395348,6.837209302325581,12.86046511627907,10.55813953488372,128.85116279069769
Nuno Borges,58.75,89.0,1.1715,4.255000000000001,2.6550000000000002,58.02,70.10499999999999,52.835,5.4,4.5,7.2,12.1,11.75,110.35
Oliver Crawford,126.27058823529411,195.1764705882353,1.1705882352941175,10.429411764705883,7.652941176470588,62.98823529411764,71.78235294117647,47.19411764705882,4.705882352941177,4.235294117647059,6.9411764705882355,10.235294117647058,10.588235294117647,107.58823529411765
Omar Jasika,240.5,250.7,1.223,5.59,4.07,56.85,70.42,55.19,6.8,5.1,7.9,6.9,10.8,119.0
Otto Virtanen,182.23809523809524,238.0952380952381,1.0976190476190477,7.990476190476191,4.480952380952381,55.790476190476184,70.91428571428571,54.10476190476191,6.333333333333333,3.5238095238095237,6.095238095238095,12.761904761904763,10.285714285714286,106.66666666666667
Patrick Kypson,109.0,154.8421052631579,1.321578947368421,14.947368421052632,3.5315789473684207,66.27894736842104,77.72631578947369,55.43684210526315,3.5526315789473686,3.1052631578947367,4.526315789473684,11.68421052631579,10.31578947368421,107.45263157894736
Paul Jubb,307.05882352941177,316.70588235294116,0.9929411764705882,3.9588235294117644,4.276470588235294,62.4,64.48235294117647,49.54117647058824,2.5294117647058822,3.9411764705882355,7.235294117647059,14.058823529411764,11.470588235294118,90.52941176470588
Pavel Kotov,64.45,83.3,1.0265,3.525,3.175,69.03,68.295,47.18,3.975,4.05,6.55,12.05,11.75,119.35
Pedro Cachin,103.41666666666667,71.25,1.0083333333333333,5.166666666666667,3.233333333333333,63.791666666666664,68.73333333333333,50.60833333333333,5.666666666666667,4.583333333333333,7.083333333333333,11.083333333333334,14.666666666666666,120.58333333333333
Pedro Martinez,77.18181818181819,117.31818181818181,1.169090909090909,2.4499999999999997,3.627272727272727,67.13181818181819,68.59545454545454,49.78636363636363,5.409090909090909,4.318181818181818,6.7727272727272725,12.772727272727273,11.090909090909092,120.54545454545455
Pedro Sakamoto,332.0,287.8333333333333,1.2983333333333333,4.708333333333333,4.766666666666667,56.71666666666667,70.175,52.71666666666667,3.75,5.083333333333333,7.833333333333333,9.583333333333334,10.583333333333334,116.91666666666667
Philip Sekulic,260.0,293.43809523809523,0.8995238095238095,2.9095238095238094,3.919047619047619,62.233333333333334,63.5,48.614285714285714,3.238095238095238,4.857142857142857,8.238095238095237,12.19047619047619,11.714285714285714,114.51428571428572
Pierre Hugues Herbert,109.47368421052632,150.52631578947367,1.02,9.878947368421052,2.905263157894737,59.17368421052631,74.87894736842105,53.22631578947368,3.6842105263157894,3.1578947368421053,5.421052631578948,12.421052631578947,12.0,105.58947368421053
Quentin Halys,240.05555555555554,366.05555555555554,1.13,8.016666666666667,2.7333333333333334,62.91111111111112,71.27777777777777,50.650000000000006,6.333333333333333,3.0,4.888888888888889,11.555555555555555,11.166666666666666,99.77777777777777
Radu Albot,148.77272727272728,188.6818181818182,1.0477272727272728,4.845454545454545,2.340909090909091,66.43636363636364,69.32727272727273,50.14545454545455,3.75,4.454545454545454,6.7272727272727275,11.909090909090908,10.954545454545455,125.9090909090909
Rafael Nadal,384.04347826086956,380.0347826086956,1.2652173913043478,7.265217391304348,4.443478260869566,59.05652173913043,73.14347826086956,53.339130434782604,3.782608695652174,3.347826086956522,5.739130434782608,13.434782608695652,12.0,105.0
Raul Brancaccio,272.7647058823529,303.3764705882353,0.8076470588235294,4.3999999999999995,4.747058823529412,63.64117647058824,60.9,49.21764705882353,2.764705882352941,5.588235294117647,8.647058823529411,10.647058823529411,12.0,101.12941176470588
Remy Bertola,417.375,415.6625,1.265,2.4312500000000004,4.46875,64.2875,65.225,48.5375,2.125,3.25,6.625,12.1875,8.8125,104.875
Renzo Olivo,317.3529411764706,227.58823529411765,0.9570588235294117,6.647058823529412,3.7294117647058824,63.74117647058823,67.94117647058823,47.30588235294118,4.470588235294118,5.294117647058823,8.352941176470589,9.882352941176471,10.176470588235293,100.82352941176471
Ricardas Berankis,289.76190476190476,225.61904761904762,1.1576190476190475,3.2857142857142856,3.8285714285714287,64.3952380952381,65.18095238095238,50.07619047619047,4.714285714285714,3.8095238095238093,7.0,13.238095238095237,11.428571428571429,100.47619047619048
Richard Gasquet,111.6,186.65,1.0645,4.54,3.0300000000000002,59.605,70.39500000000001,54.835,2.4,2.85,5.35,11.0,10.35,107.35
Rinky Hijikata,77.33333333333333,89.26666666666667,0.8726666666666667,3.02,2.54,58.12,63.306666666666665,52.906666666666666,2.2,4.733333333333333,8.466666666666667,10.533333333333333,12.666666666666666,121.66666666666667
Rio Noguchi,313.92857142857144,270.2142857142857,1.082142857142857,15.799999999999999,5.7,60.66428571428571,77.74285714285715,57.471428571428575,5.428571428571429,2.857142857142857,4.357142857142857,11.714285714285714,11.785714285714286,92.64285714285714
Roman Andres Burruchaga,150.42105263157896,183.94736842105263,1.1178947368421053,9.042105263157895,3.2421052631578946,59.38947368421053,72.38947368421053,51.41578947368421,3.236842105263158,2.8947368421052633,4.947368421052632,11.31578947368421,10.526315789473685,97.26315789473684
Roman Safiullin,40.86666666666667,52.4,0.9786666666666667,7.253333333333333,4.586666666666667,56.68,70.82,46.88666666666666,2.466666666666667,4.0,6.866666666666666,9.666666666666666,11.066666666666666,99.4
Rudolf Molleker,172.61904761904762,303.5904761904762,1.3223809523809524,4.619047619047619,4.723809523809524,61.523809523809526,65.9047619047619,52.5047619047619,3.761904761904762,3.4285714285714284,6.333333333333333,10.19047619047619,9.428571428571429,94.80952380952381
Ryan Peniston,231.0,355.94736842105266,1.2457894736842103,4.873684210526315,5.010526315789474,61.01578947368421,71.83684210526316,48.873684210526314,4.473684210526316,4.7368421052631575,7.2631578947368425,9.789473684210526,9.421052631578947,104.3157894736842
Sandro Kopp,369.0,419.0,1.1957142857142855,8.785714285714286,3.814285714285714,59.971428571428575,72.71428571428571,55.614285714285714,3.4285714285714284,3.4285714285714284,4.857142857142857,11.142857142857142,9.142857142857142,104.71428571428571
Sebastian Baez,23.454545454545453,72.4090909090909,1.106818181818182,2.7545454545454544,3.0545454545454547,69.7090909090909,64.73181818181818,53.25,5.909090909090909,5.181818181818182,7.909090909090909,12.136363636363637,10.454545454545455,113.0909090909091
Sebastian Fanselow,339.5,482.75,1.2591666666666665,9.708333333333334,4.583333333333333,62.449999999999996,74.675,52.475,2.6666666666666665,2.0,4.083333333333333,10.833333333333334,13.083333333333334,94.41666666666667
Sebastian Korda,29.944444444444443,66.55555555555556,1.1194444444444445,11.005555555555555,1.5777777777777777,60.67777777777778,71.08888888888889,48.672222222222224,3.5555555555555554,3.2777777777777777,5.833333333333333,11.833333333333334,11.222222222222221,99.72222222222223
Sebastian Ofner,44.285714285714285,131.42857142857142,0.9414285714285714,7.1571428571428575,3.564285714285714,59.43571428571429,70.93571428571428,48.18571428571429,2.857142857142857,4.0,6.714285714285714,11.5,12.928571428571429,115.57142857142857
Seong Chan Hong,186.1904761904762,176.28571428571428,0.9771428571428571,5.433333333333333,4.842857142857143,57.50952380952381,68.82380952380952,46.91904761904762,2.8095238095238093,4.333333333333333,7.190476190476191,11.904761904761905,10.523809523809524,103.28571428571429
Shintaro Mochizuki,137.6,228.75,1.163,10.09,6.595000000000001,56.165,72.67999999999999,47.78,4.775,4.35,7.35,11.2,12.3,93.28999999999999
Sho Shimabukuro,183.6153846153846,221.76923076923077,1.0107692307692309,10.692307692307692,4.038461538461538,60.41538461538461,72.63846153846154,51.323076923076925,4.615384615384615,3.4615384615384617,5.538461538461538,9.923076923076923,11.461538461538462,84.38461538461539
Stan Wawrinka,85.0,91.25,1.1908333333333332,6.283333333333334,3.1,53.03333333333333,72.26666666666667,49.99166666666667,2.3333333333333335,4.166666666666667,6.666666666666667,12.916666666666666,13.666666666666666,105.0
Stefano Napolitano,152.1904761904762,218.8095238095238,1.1271428571428572,6.723809523809523,6.085714285714286,59.11428571428572,73.20952380952382,50.61428571428572,4.190476190476191,3.7142857142857144,6.333333333333333,13.238095238095237,10.523809523809524,123.52380952380952
Stefano Travaglia,234.4090909090909,287.77272727272725,1.3372727272727272,12.418181818181818,4.709090909090909,57.28181818181818,78.79545454545455,55.027272727272724,5.7272727272727275,2.0454545454545454,3.8181818181818183,11.136363636363637,10.454545454545455,101.5909090909091
Stefanos Tsitsipas,9.631578947368421,52.05263157894737,1.1473684210526316,8.015789473684212,4.031578947368421,59.199999999999996,72.09473684210526,53.27368421052631,6.315789473684211,4.2631578947368425,6.105263157894737,12.052631578947368,9.105263157894736,104.52631578947368
Steve Johnson,262.9047619047619,257.95238095238096,1.1214285714285714,5.5095238095238095,3.857142857142857,57.900000000000006,71.5952380952381,50.19047619047619,4.666666666666667,4.571428571428571,7.0,12.238095238095237,11.523809523809524,112.95238095238095
Sumit Nagal,103.56521739130434,228.95652173913044,1.311304347826087,5.160869565217391,2.4,65.63478260869564,72.73913043478261,56.11304347826086,6.108695652173913,3.9130434782608696,5.521739130434782,12.26086956521739,9.695652173913043,109.26086956521739
Tallon Griekspoor,27.818181818181817,61.36363636363637,1.0904545454545456,10.790909090909091,3.0772727272727276,63.57272727272727,74.62727272727273,54.540909090909096,3.340909090909091,3.772727272727273,5.909090909090909,13.636363636363637,14.272727272727273,120.5909090909091
Taylor Fritz,12.454545454545455,52.36363636363637,1.419090909090909,13.068181818181818,2.209090909090909,62.24090909090909,78.82272727272726,59.11818181818182,6.409090909090909,2.272727272727273,3.590909090909091,12.227272727272727,9.363636363636363,93.18181818181819
Tennys Sandgren,286.3809523809524,204.66666666666666,0.9700000000000001,3.5714285714285716,2.9714285714285715,65.16190476190476,66.07142857142857,48.80476190476191,3.619047619047619,3.9047619047619047,6.619047619047619,13.476190476190476,11.761904761904763,120.0
Terence Atmane,147.75,185.35,1.2075,4.1,2.2649999999999997,62.425,68.45,51.21,2.875,4.65,7.3,10.7,10.95,101.67999999999999
Thai Son Kwiatkowski,317.0,424.4166666666667,1.0066666666666666,5.7,2.316666666666667,64.22500000000001,64.14166666666667,54.76666666666667,5.333333333333333,2.25,5.5,12.666666666666666,12.833333333333334,118.25
Thanasi Kokkinakis,119.10526315789474,93.0,1.0047368421052632,9.542105263157895,3.9368421052631577,61.5578947368421,72.1421052631579,47.373684210526314,6.105263157894737,3.210526315789474,5.052631578947368,11.210526315789474,10.210526315789474,113.21052631578948
Thiago Agustin Tirante,104.7,171.05,1.0505,2.645,1.69,69.60499999999999,65.16,53.175,2.975,3.9,6.95,11.5,10.55,127.35
Thiago Monteiro,108.95,257.75,1.073,4.625,2.945,61.285000000000004,66.515,57.395,4.2,3.7,6.0,12.5,10.5,114.7
Timo Stodder,407.9,494.03999999999996,1.297,3.15,1.1,62.96,68.1,52.27,3.3,3.9,6.9,9.5,11.8,110.6
Timofey Skatov,278.63157894736844,290.2631578947368,1.0747368421052632,8.215789473684211,3.263157894736842,57.55263157894737,73.53684210526316,49.04210526315789,4.2105263157894735,3.3684210526315788,5.842105263157895,11.947368421052632,10.31578947368421,96.73684210526316
Titouan Droguet,156.95238095238096,166.93333333333334,1.0195238095238095,7.566666666666667,2.9,56.42380952380953,68.1,49.32380952380952,3.0714285714285716,4.142857142857143,7.0,10.619047619047619,10.142857142857142,97.82857142857144
Tomas Machac,59.421052631578945,52.21052631578947,1.1194736842105264,7.6157894736842096,2.3368421052631576,61.61052631578947,73.72631578947369,53.199999999999996,2.526315789473684,3.789473684210526,5.7894736842105265,13.0,11.263157894736842,113.47368421052632
Tomas Martin Etcheverry,29.2,73.1,1.0875,5.525,1.7550000000000001,66.635,69.34,47.4,6.4,3.4,5.55,10.75,10.45,114.15
Tommy Paul,15.6,55.75,1.2215,6.0649999999999995,3.0,59.970000000000006,72.39500000000001,53.645,6.8,3.7,5.65,12.15,9.25,103.9
Tristan Boyer,189.89473684210526,359.8421052631579,1.2526315789473685,8.694736842105263,1.8894736842105262,56.98421052631579,71.5,52.252631578947366,6.2105263157894735,4.315789473684211,6.631578947368421,12.947368421052632,10.894736842105264,115.05263157894737
Tristan Lamasine,290.5652173913044,337.0695652173913,0.9939130434782608,8.330434782608695,4.813043478260869,62.62173913043478,69.57391304347826,49.160869565217396,3.5434782608695654,3.739130434782609,6.3478260869565215,10.91304347826087,11.130434782608695,107.73913043478261
Tristan Schoolkate,140.75,269.95,1.254,12.33,4.92,55.235,78.52000000000001,53.239999999999995,3.75,3.45,5.8,12.2,10.65,97.25
Tung Lin Wu,281.27272727272725,265.90909090909093,1.2048484848484848,3.012121212121212,5.606060606060606,60.5969696969697,67.48484848484848,49.54848484848485,2.272727272727273,4.7272727272727275,7.818181818181818,10.969696969696969,12.303030303030303,109.44242424242424
Ugo Blanchet,184.21052631578948,228.68421052631578,1.27,4.131578947368421,2.994736842105263,59.978947368421046,70.45263157894736,54.43684210526315,7.631578947368421,3.0,5.421052631578948,12.052631578947368,11.736842105263158,101.78947368421052
Ugo Humbert,17.0,47.34782608695652,1.3139130434782609,7.578260869565218,1.7782608695652173,66.1,72.9608695652174,57.21739130434783,6.260869565217392,3.3043478260869565,4.913043478260869,12.217391304347826,9.826086956521738,102.0
Valentin Royer,252.1,270.3,1.081,5.119999999999999,3.0100000000000002,63.73,65.5,48.12,4.3,4.9,7.6,12.8,11.8,94.2
Valentin Vacherot,132.3684210526316,166.42105263157896,1.178421052631579,9.052631578947368,3.9157894736842107,64.2421052631579,71.65789473684211,55.300000000000004,1.4210526315789473,3.473684210526316,5.473684210526316,11.526315789473685,11.0,102.15789473684211
Vilius Gaubas,217.73684210526315,278.6842105263158,0.9747368421052631,4.778947368421052,5.778947368421052,58.136842105263156,67.57368421052632,48.305263157894736,2.973684210526316,5.052631578947368,8.105263157894736,11.210526315789474,9.842105263157896,107.10526315789474
Vit Kopriva,145.11111111111111,340.9888888888889,1.3788888888888888,13.322222222222223,3.7666666666666666,63.8111111111111,73.21666666666667,50.13333333333333,6.333333333333333,3.7222222222222223,5.777777777777778,10.555555555555555,11.5,100.22222222222223
Vitaliy Sachko,172.94736842105263,163.73684210526315,1.1726315789473685,6.3052631578947365,3.5894736842105264,63.61052631578947,68.55263157894737,50.852631578947374,2.9210526315789473,4.105263157894737,7.105263157894737,11.473684210526315,11.631578947368421,129.8421052631579
Yan Bai,317.55555555555554,329.64444444444445,1.12,7.666666666666667,4.7,60.03333333333333,75.01111111111112,46.099999999999994,2.3333333333333335,3.4444444444444446,6.0,9.666666666666666,7.888888888888889,82.33333333333333
Yannick Hanfmann,57.64705882352941,67.47058823529412,0.9211764705882353,4.241176470588235,2.7529411764705882,61.347058823529416,64.59411764705882,48.13529411764706,2.5294117647058822,4.0,7.117647058823529,10.529411764705882,12.764705882352942,106.52941176470588
Yasutaka Uchiyama,97.25,143.95,1.0965,7.82,3.965,60.48,72.185,51.52,4.475,4.5,6.85,11.35,9.75,122.9
Yoshihito Nishioka,81.11764705882354,141.58823529411765,1.038235294117647,1.9764705882352942,2.7235294117647055,62.76470588235294,67.57058823529412,49.476470588235294,3.8529411764705883,3.8823529411764706,6.470588235294118,10.588235294117647,11.882352941176471,113.82352941176471
Yosuke Watanuki,103.22222222222223,237.72222222222223,0.9049999999999999,6.711111111111111,3.994444444444444,62.05555555555556,68.42777777777778,49.400000000000006,4.027777777777778,3.6666666666666665,6.555555555555555,13.555555555555555,12.833333333333334,110.27777777777777
Yu Hsiou Hsu,224.07142857142858,208.28571428571428,1.0114285714285713,4.95,4.835714285714286,66.35,67.17857142857143,48.871428571428574,3.7142857142857144,4.857142857142857,7.714285714285714,12.0,10.214285714285714,114.57142857142857
Yuta Shimizu,296.45,371.52,1.1685,5.470000000000001,5.1899999999999995,60.125,67.1,50.239999999999995,3.45,4.5,7.15,11.35,10.6,105.75
Zachary Svajda,152.26315789473685,290.36842105263156,1.4494736842105262,16.894736842105264,4.278947368421052,63.6578947368421,79.13684210526316,55.194736842105264,5.631578947368421,2.8421052631578947,4.157894736842105,9.947368421052632,9.578947368421053,92.3157894736842
Zdenek Kolar,353.5,455.5,1.1155555555555554,5.172222222222222,4.222222222222222,61.1888888888889,71.57777777777778,49.111111111111114,3.2222222222222223,3.7777777777777777,6.277777777777778,11.222222222222221,11.944444444444445,112.61111111111111
Zhizhen Zhang,53.77777777777778,95.55555555555556,1.0094444444444446,9.094444444444443,3.283333333333333,64.15,72.31111111111112,49.611111111111114,2.7222222222222223,3.3333333333333335,5.5,11.944444444444445,11.444444444444445,110.55555555555556
Zizou Bergs,112.0909090909091,188.3181818181818,1.2027272727272729,8.054545454545455,3.7590909090909093,63.83636363636364,70.08636363636364,53.300000000000004,3.6136363636363638,4.2727272727272725,6.363636363636363,12.454545454545455,10.5,99.04545454545455
Zsombor Piros,146.25,256.2,1.0405,2.825,4.775,54.345000000000006,68.985,47.660000000000004,3.525,4.2,7.6,12.45,10.6,110.2
